fusion_function,dataset,alpha,AP@10,AP@100,nDCG@10,nDCG@100
CC,test2020,0,0.2111377157468843,0.13961538609775273,0.4875508583120806,0.27847178380788196
CC,test2020,0.85,0.31279142530884063,0.20301144390951253,0.6764282374175308,0.3799547200419888
CC,test2020,1,0.3040711593240502,0.20385163855179045,0.6801894461815124,0.37970952771891503
