fusion_function,dataset,alpha,AP@10,AP@100,nDCG@10,nDCG@100
CC,test2020,0,0.21113771574688436,0.13961538609775276,0.4875508583120807,0.27847178380788185
CC,test2020,0.85,0.3145575934912606,0.20265158522374851,0.6800108334861547,0.37975153646708365
CC,test2020,1,0.30407115932405027,0.20385163855179045,0.6801894461815122,0.37970952771891503
RRF,test2020,60,0.30145218637182836,0.17933058389488876,0.6280697741206182,0.3546499881320343
