fusion_function,dataset,alpha,AP@10,AP@100,nDCG@10,nDCG@100
CC,test2020,0,0.2111377157468843,0.13961538609775273,0.4875508583120806,0.27847178380788196
CC,test2020,0.85,0.3157709725387284,0.2027827259498444,0.6841314820484106,0.38197895640448487
CC,test2020,1,0.3040711593240502,0.20385163855179045,0.6801894461815124,0.37970952771891503
